{"cameraMode":{"drawMode":0,"name":"Shaded","section":"Shading Mode"},"sceneLighting":true,"audioPlay":false,"sceneViewState":{"showFog":true,"showMaterialUpdate":false,"showSkybox":true,"showFlares":true,"showImageEffects":true,"showParticleSystems":true},"in2DMode":false,"pivot":{"x":12.333027839660645,"y":-0.6509779095649719,"z":-2.972557783126831},"rotation":{"x":0.17574529349803925,"y":-0.060502372682094577,"z":0.01082245260477066,"w":0.9825207591056824},"size":23.602264404296876,"orthographic":true}