{"cameraMode":{"drawMode":0,"name":"Shaded","section":"Shading Mode"},"sceneLighting":true,"audioPlay":false,"sceneViewState":{"showFog":true,"showMaterialUpdate":false,"showSkybox":true,"showFlares":true,"showImageEffects":true,"showParticleSystems":true},"in2DMode":false,"pivot":{"x":-4.522878646850586,"y":1.8714020252227784,"z":-7.3222198486328129},"rotation":{"x":0.1363631784915924,"y":-0.5270727872848511,"z":0.08614371716976166,"w":0.8343816995620728},"size":17.643714904785158,"orthographic":true}